Abril,Feminino
Acácia,Feminino
Açucena,Feminino
Adelaide,Feminino
Adélia,Feminino
Adelina,Feminino
Abel,Masculino
Abílio,Masculino
Abril,Feminino
Acácia,Feminino
Açucena,Feminino
Adelaide,Feminino
Adélia,Feminino
Adelina,Feminino
Abel,Masculino
Abílio,Masculino
Adriana,Feminino
Ágata,Feminino
Águeda,Feminino
Aida,Feminino
Adriana,Feminino
Ágata,Feminino
Águeda,Feminino
Aida,Feminino
Alba,Feminino
Albertina,Feminino
Alba,Feminino
Albertina,Feminino
Alexandra,Feminino
Alexandria,Feminino
Alexandrina,Feminino
Alexia,Feminino
Alia,Feminino
Alice,Feminino
Alicia,Feminino
Alisa,Feminino
Alise,Feminino
Alexandra,Feminino
Alexandria,Feminino
Alexandrina,Feminino
Alexia,Feminino
Alia,Feminino
Alice,Feminino
Alicia,Feminino
Alisa,Feminino
Alise,Feminino
Alma,Feminino
Alva,Feminino
Alzira,Feminino
Amaina,Feminino
Amália,Feminino
Amara,Feminino
Alma,Feminino
Alva,Feminino
Alzira,Feminino
Amaina,Feminino
Amália,Feminino
Amara,Feminino
Âmbar,Feminino
Amélia,Feminino
América,Feminino
Amora,Feminino
Anabela,Feminino
Anais,Feminino
Ana-Jane,Feminino
Âmbar,Feminino
Amélia,Feminino
América,Feminino
Amora,Feminino
Anabela,Feminino
Anais,Feminino
Ana-Jane,Feminino
Andreia,Feminino
Ângela,Feminino
Angélica,Feminino
Andreia,Feminino
Ângela,Feminino
Angélica,Feminino
Anisa,Feminino
Anise,Feminino
Anita,Feminino
Ansa,Feminino
Antónia,Feminino
Antonieta,Feminino
Anisa,Feminino
Anise,Feminino
Anita,Feminino
Ansa,Feminino
Antónia,Feminino
Antonieta,Feminino
Ária,Feminino
Ariana,Feminino
Ária,Feminino
Ariana,Feminino
Assunção,Feminino
Augusta,Feminino
Aura,Feminino
Áurea,Feminino
Aurélia,Feminino
Aurora,Feminino
Aviva,Feminino
Assunção,Feminino
Augusta,Feminino
Aura,Feminino
Áurea,Feminino
Aurélia,Feminino
Aurora,Feminino
Aviva,Feminino
Azul,Feminino
Bailo,Feminino
Bani,Feminino
Barbara,Feminino
Bárbara,Feminino
Beatriz,Feminino
Bela,Feminino
Azul,Feminino
Bailo,Feminino
Bani,Feminino
Barbara,Feminino
Bárbara,Feminino
Beatriz,Feminino
Bela,Feminino
Benigna,Feminino
Berta,Feminino
Betânia,Feminino
Branca,Feminino
Benigna,Feminino
Berta,Feminino
Betânia,Feminino
Branca,Feminino
Brooklyn,Feminino
Bruna,Feminino
Caia,Feminino
Camélia,Feminino
Cândida,Feminino
Carla,Feminino
Carlos,Feminino
Carlota,Feminino
Brooklyn,Feminino
Bruna,Feminino
Caia,Feminino
Camélia,Feminino
Cândida,Feminino
Carla,Feminino
Carlos,Feminino
Carlota,Feminino
Carmina,Feminino
Carminda,Feminino
Carmo,Feminino
Carol,Feminino
Carolina,Feminino
Casimira,Feminino
Catarina,Feminino
Catherine,Feminino
Cátia,Feminino
Cecília,Feminino
Celeste,Feminino
Célia,Feminino
Carmina,Feminino
Carminda,Feminino
Carmo,Feminino
Carol,Feminino
Carolina,Feminino
Casimira,Feminino
Catarina,Feminino
Catherine,Feminino
Cátia,Feminino
Cecília,Feminino
Celeste,Feminino
Célia,Feminino
Cereja,Feminino
Charlotte,Feminino
Chen,Feminino
Chiara,Feminino
Cidália,Feminino
Cereja,Feminino
Charlotte,Feminino
Chen,Feminino
Chiara,Feminino
Cidália,Feminino
Cintra,Feminino
Claire,Feminino
Clara,Feminino
Clarissa,Feminino
Cláudia,Feminino
Cleópatra,Feminino
Clotilde,Feminino
Conceição,Feminino
Concha,Feminino
Constança,Feminino
Constância,Feminino
Cintra,Feminino
Claire,Feminino
Clara,Feminino
Clarissa,Feminino
Cláudia,Feminino
Cleópatra,Feminino
Clotilde,Feminino
Conceição,Feminino
Concha,Feminino
Constança,Feminino
Constância,Feminino
Cora,Feminino
Crismara,Feminino
Cristal,Feminino
Cristina,Feminino
Dádiva,Feminino
Dália,Feminino
Cora,Feminino
Crismara,Feminino
Cristal,Feminino
Cristina,Feminino
Dádiva,Feminino
Dália,Feminino
Dalila,Feminino
Dana,Feminino
Daniela,Feminino
Daria,Feminino
Débora,Feminino
Dalila,Feminino
Dana,Feminino
Daniela,Feminino
Daria,Feminino
Débora,Feminino
Deusa,Feminino
Deva,Feminino
Diamantina,Feminino
Diana,Feminino
Deusa,Feminino
Deva,Feminino
Diamantina,Feminino
Diana,Feminino
Dimana,Feminino
Diva,Feminino
Dolores,Feminino
Dimana,Feminino
Diva,Feminino
Dolores,Feminino
Dulce,Feminino
Dulcineia,Feminino
Duna,Feminino
Edite,Feminino
Eduarda,Feminino
Dulce,Feminino
Dulcineia,Feminino
Duna,Feminino
Edite,Feminino
Eduarda,Feminino
Electra,Feminino
Elga,Feminino
Elia,Feminino
Eliana,Feminino
Elisa,Feminino
Elisabete,Feminino
Electra,Feminino
Elga,Feminino
Elia,Feminino
Eliana,Feminino
Elisa,Feminino
Elisabete,Feminino
Elsa,Feminino
Elvira,Feminino
Elsa,Feminino
Elvira,Feminino
Emília,Feminino
Emília,Feminino
Ermelinda,Feminino
Esmeralda,Feminino
Esperança,Feminino
Estefânia,Feminino
Estela,Feminino
Estrela,Feminino
Euclidiana,Feminino
Eugénia,Feminino
Eulália,Feminino
Eunice,Feminino
Ermelinda,Feminino
Esmeralda,Feminino
Esperança,Feminino
Estefânia,Feminino
Estela,Feminino
Estrela,Feminino
Euclidiana,Feminino
Eugénia,Feminino
Eulália,Feminino
Eunice,Feminino
Fábio,Feminino
Fátima,Feminino
Fábio,Feminino
Fátima,Feminino
Fénix,Feminino
Fernanda,Feminino
Filipa,Feminino
Filomena,Feminino
Flor,Feminino
Flora,Feminino
Florbela,Feminino
Florentina,Feminino
Florinda,Feminino
Foram,Feminino
Francelina,Feminino
Francisca,Feminino
Gabriela,Feminino
Gaia,Feminino
Fénix,Feminino
Fernanda,Feminino
Filipa,Feminino
Filomena,Feminino
Flor,Feminino
Flora,Feminino
Florbela,Feminino
Florentina,Feminino
Florinda,Feminino
Foram,Feminino
Francelina,Feminino
Francisca,Feminino
Gabriela,Feminino
Gaia,Feminino
Gema,Feminino
Génesis,Feminino
Geórgia,Feminino
Georgiana,Feminino
Georgina,Feminino
Gilda,Feminino
Gisela,Feminino
Gloria,Feminino
Glória,Feminino
Graça,Feminino
Gema,Feminino
Génesis,Feminino
Geórgia,Feminino
Georgiana,Feminino
Georgina,Feminino
Gilda,Feminino
Gisela,Feminino
Gloria,Feminino
Glória,Feminino
Graça,Feminino
Gracinda,Feminino
Guadalupe,Feminino
Guilhermina,Feminino
Guiomar,Feminino
Haja,Feminino
Gracinda,Feminino
Guadalupe,Feminino
Guilhermina,Feminino
Guiomar,Feminino
Haja,Feminino
Helen,Feminino
Helena,Feminino
Helga,Feminino
Helen,Feminino
Helena,Feminino
Helga,Feminino
Henriqueta,Feminino
Hortênsia,Feminino
Henriqueta,Feminino
Hortênsia,Feminino
Ilda,Feminino
Ilda,Feminino
Índia,Feminino
Inês,Feminino
Irada,Feminino
Irene,Feminino
Iria,Feminino
Íris,Feminino
íris,Feminino
Isabel,Feminino
Índia,Feminino
Inês,Feminino
Irada,Feminino
Irene,Feminino
Iria,Feminino
Íris,Feminino
íris,Feminino
Isabel,Feminino
Isaura,Feminino
Ivone,Feminino
Jacinta,Feminino
Isaura,Feminino
Ivone,Feminino
Jacinta,Feminino
Jade,Feminino
Jane,Feminino
Jade,Feminino
Jane,Feminino
Jasmim,Feminino
Jenny,Feminino
Jasmim,Feminino
Jenny,Feminino
Joana,Feminino
Joaninha,Feminino
Joaquim,Feminino
Joaquina,Feminino
Jordana,Feminino
José,Feminino
Josefa,Feminino
Josefina,Feminino
Joana,Feminino
Joaninha,Feminino
Joaquim,Feminino
Joaquina,Feminino
Jordana,Feminino
José,Feminino
Josefa,Feminino
Josefina,Feminino
Joyce,Feminino
Judite,Feminino
Júlia,Feminino
Juliana,Feminino
Julie,Feminino
Julieta,Feminino
Juno,Feminino
Justa,Feminino
Joyce,Feminino
Judite,Feminino
Júlia,Feminino
Juliana,Feminino
Julie,Feminino
Julieta,Feminino
Juno,Feminino
Justa,Feminino
Lace,Feminino
Laia,Feminino
Lace,Feminino
Laia,Feminino
Laura,Feminino
Laurinda,Feminino
Laura,Feminino
Laurinda,Feminino
Leia,Feminino
Lena,Feminino
Leocádia,Feminino
Leia,Feminino
Lena,Feminino
Leocádia,Feminino
Leonor,Feminino
Lídia,Feminino
Leonor,Feminino
Lídia,Feminino
Lília,Feminino
Liliana,Feminino
Linda,Feminino
Lira,Feminino
Lisa,Feminino
Lília,Feminino
Liliana,Feminino
Linda,Feminino
Lira,Feminino
Lisa,Feminino
Lona,Feminino
Lorena,Feminino
Luanda,Feminino
Lúcia,Feminino
Luciana,Feminino
Lucília,Feminino
Lucinda,Feminino
Lona,Feminino
Lorena,Feminino
Luanda,Feminino
Lúcia,Feminino
Luciana,Feminino
Lucília,Feminino
Lucinda,Feminino
Luís,Feminino
Luísa,Feminino
LUÍSA,Feminino
Lurdes,Feminino
Luzia,Feminino
Luís,Feminino
Luísa,Feminino
LUÍSA,Feminino
Lurdes,Feminino
Luzia,Feminino
Madalena,Feminino
Madeleine,Feminino
Mafalda,Feminino
Magda,Feminino
Magnólia,Feminino
Maia,Feminino
Madalena,Feminino
Madeleine,Feminino
Mafalda,Feminino
Magda,Feminino
Magnólia,Feminino
Maia,Feminino
Mali,Feminino
Mama,Feminino
Mame,Feminino
Manel,Feminino
Manuela,Feminino
Mali,Feminino
Mama,Feminino
Mame,Feminino
Manel,Feminino
Manuela,Feminino
Maré,Feminino
Margarida,Feminino
Margarita,Feminino
Maria,Feminino
Maria-Luís,Feminino
Mariana,Feminino
Marie,Feminino
Marília,Feminino
Marina,Feminino
Marinha,Feminino
Marisa,Feminino
Maré,Feminino
Margarida,Feminino
Margarita,Feminino
Maria,Feminino
Maria-Luís,Feminino
Mariana,Feminino
Marie,Feminino
Marília,Feminino
Marina,Feminino
Marinha,Feminino
Marisa,Feminino
Marta,Feminino
Mary,Feminino
Matilde,Feminino
Marta,Feminino
Mary,Feminino
Matilde,Feminino
Medina,Feminino
Melodia,Feminino
Mercedes,Feminino
Medina,Feminino
Melodia,Feminino
Mercedes,Feminino
Mina,Feminino
Minerva,Feminino
Mira,Feminino
Miranda,Feminino
Mina,Feminino
Minerva,Feminino
Mira,Feminino
Miranda,Feminino
Mona,Feminino
Mónica,Feminino
Monroe,Feminino
Morena,Feminino
Nádia,Feminino
Nadine,Feminino
Mona,Feminino
Mónica,Feminino
Monroe,Feminino
Morena,Feminino
Nádia,Feminino
Nadine,Feminino
Nanci,Feminino
Nancy,Feminino
Natacha,Feminino
Natália,Feminino
Natércia,Feminino
Nanci,Feminino
Nancy,Feminino
Natacha,Feminino
Natália,Feminino
Natércia,Feminino
Nazaré,Feminino
Nazaré,Feminino
Nené,Feminino
Nesta,Feminino
Nice,Feminino
Nené,Feminino
Nesta,Feminino
Nice,Feminino
Nina,Feminino
Ninara,Feminino
Nirvana,Feminino
Nisa,Feminino
Norma,Feminino
Nina,Feminino
Ninara,Feminino
Nirvana,Feminino
Nisa,Feminino
Norma,Feminino
Ofélia,Feminino
Olga,Feminino
Olinda,Feminino
Ofélia,Feminino
Olga,Feminino
Olinda,Feminino
Orquídea,Feminino
Otília,Feminino
Palmira,Feminino
Pandora,Feminino
Papoila,Feminino
Paris,Feminino
Patrícia,Feminino
Paula,Feminino
Paulina,Feminino
Peculiar,Feminino
Penélope,Feminino
Orquídea,Feminino
Otília,Feminino
Palmira,Feminino
Pandora,Feminino
Papoila,Feminino
Paris,Feminino
Patrícia,Feminino
Paula,Feminino
Paulina,Feminino
Peculiar,Feminino
Penélope,Feminino
Piedade,Feminino
Pilar,Feminino
Prudência,Feminino
Pureza,Feminino
Piedade,Feminino
Pilar,Feminino
Prudência,Feminino
Pureza,Feminino
Rachel,Feminino
Rafa,Feminino
Raiana,Feminino
Rachel,Feminino
Rafa,Feminino
Raiana,Feminino
Raquel,Feminino
Raul,Feminino
Rebeca,Feminino
Regina,Feminino
Rida,Feminino
Raquel,Feminino
Raul,Feminino
Rebeca,Feminino
Regina,Feminino
Rida,Feminino
Rimas,Feminino
Rita,Feminino
Romana,Feminino
Rosa,Feminino
Rosália,Feminino
Rosalina,Feminino
Rosário,Feminino
Rose,Feminino
Rosita,Feminino
Rimas,Feminino
Rita,Feminino
Romana,Feminino
Rosa,Feminino
Rosália,Feminino
Rosalina,Feminino
Rosário,Feminino
Rose,Feminino
Rosita,Feminino
Rubi,Feminino
Rute,Feminino
Ruth,Feminino
Sabrina,Feminino
Sacha,Feminino
Safira,Feminino
Saga,Feminino
Rubi,Feminino
Rute,Feminino
Ruth,Feminino
Sabrina,Feminino
Sacha,Feminino
Safira,Feminino
Saga,Feminino
Sally,Feminino
Salomé,Feminino
Sana,Feminino
Sandra,Feminino
Saneia,Feminino
Sally,Feminino
Salomé,Feminino
Sana,Feminino
Sandra,Feminino
Saneia,Feminino
Sara,Feminino
Sarah,Feminino
Sarai,Feminino
Savana,Feminino
Seara,Feminino
Sena,Feminino
Serena,Feminino
Sara,Feminino
Sarah,Feminino
Sarai,Feminino
Savana,Feminino
Seara,Feminino
Sena,Feminino
Serena,Feminino
Sibila,Feminino
Sibila,Feminino
Sílvia,Feminino
Simone,Feminino
Sisa,Feminino
Sofia,Feminino
Solene,Feminino
Sílvia,Feminino
Simone,Feminino
Sisa,Feminino
Sofia,Feminino
Solene,Feminino
Sónia,Feminino
Sónia,Feminino
Susana,Feminino
Tânia,Feminino
Tara,Feminino
Tatiana,Feminino
Teodora,Feminino
Teresa,Feminino
Tiara,Feminino
Tida,Feminino
Tina,Feminino
Tracy,Feminino
Túlipa,Feminino
Valeria,Feminino
Vanda,Feminino
Vanessa,Feminino
Vânia,Feminino
Vera,Feminino
Verónica,Feminino
verónica,Feminino
Victoria,Feminino
Vida,Feminino
Viera,Feminino
Viola,Feminino
Violeta,Feminino
Virgínia,Feminino
Vitoria,Feminino
Vitória,Feminino
Vitorina,Feminino
Zélia,Feminino
Zita,Feminino
Zoei,Feminino
Zoe-Marie,Feminino
Zulmira,Feminino
Abraão,Masculino
Abraham,Masculino
Acácio,Masculino
Adalberto,Masculino
Adam,Masculino
Adão,Masculino
Adelino,Masculino
Adelson,Masculino
Adem,Masculino
Adérito,Masculino
Adolfo,Masculino
Adónis,Masculino
Abraão,Masculino
Abraham,Masculino
Acácio,Masculino
Adalberto,Masculino
Adam,Masculino
Adão,Masculino
Adelino,Masculino
Adelson,Masculino
Adem,Masculino
Adérito,Masculino
Adolfo,Masculino
Adónis,Masculino
Adriano,Masculino
Adulai,Masculino
Afonso,Masculino
Agostinho,Masculino
Aires,Masculino
Adriano,Masculino
Adulai,Masculino
Afonso,Masculino
Agostinho,Masculino
Aires,Masculino
Albano,Masculino
Albert,Masculino
Alberto,Masculino
Albino,Masculino
Alcino,Masculino
Alexandre,Masculino
Alexandrino,Masculino
Albano,Masculino
Albert,Masculino
Alberto,Masculino
Albino,Masculino
Alcino,Masculino
Alexandre,Masculino
Alexandrino,Masculino
Alfa,Masculino
Alfredo,Masculino
Aliou,Masculino
Alípio,Masculino
Álvaro,Masculino
Alvim,Masculino
Amadeu,Masculino
Amador,Masculino
Amâncio,Masculino
Amândio,Masculino
Amar,Masculino
Amaro,Masculino
Alfa,Masculino
Alfredo,Masculino
Aliou,Masculino
Alípio,Masculino
Álvaro,Masculino
Alvim,Masculino
Amadeu,Masculino
Amador,Masculino
Amâncio,Masculino
Amândio,Masculino
Amar,Masculino
Amaro,Masculino
Amílcar,Masculino
Anastácio,Masculino
André,Masculino
Andy,Masculino
Angélico,Masculino
Ângelo,Masculino
Aníbal,Masculino
Amílcar,Masculino
Anastácio,Masculino
André,Masculino
Andy,Masculino
Angélico,Masculino
Ângelo,Masculino
Aníbal,Masculino
Anis,Masculino
Anselmo,Masculino
Antero,Masculino
Antoine,Masculino
António,Masculino
Apolo,Masculino
Aquiles,Masculino
Arcanjo,Masculino
Aristides,Masculino
Arlindo,Masculino
Anis,Masculino
Anselmo,Masculino
Antero,Masculino
Antoine,Masculino
António,Masculino
Apolo,Masculino
Aquiles,Masculino
Arcanjo,Masculino
Aristides,Masculino
Arlindo,Masculino
Armando,Masculino
Arménio,Masculino
Armindo,Masculino
Arnaldo,Masculino
Arsénio,Masculino
Artur,Masculino
Asse,Masculino
Assis,Masculino
Armando,Masculino
Arménio,Masculino
Armindo,Masculino
Arnaldo,Masculino
Arsénio,Masculino
Artur,Masculino
Asse,Masculino
Assis,Masculino
Augusto,Masculino
Aurélio,Masculino
Avelino,Masculino
Baltasar,Masculino
Baltazar,Masculino
Bambo,Masculino
Augusto,Masculino
Aurélio,Masculino
Avelino,Masculino
Baltasar,Masculino
Baltazar,Masculino
Bambo,Masculino
Belarmino,Masculino
Belchior,Masculino
Belmiro,Masculino
Benjamim,Masculino
Benjamin,Masculino
Bento,Masculino
Bernard,Masculino
Bernardo,Masculino
Belarmino,Masculino
Belchior,Masculino
Belmiro,Masculino
Benjamim,Masculino
Benjamin,Masculino
Bento,Masculino
Bernard,Masculino
Bernardo,Masculino
Brandão,Masculino
Bruce,Masculino
Bruno,Masculino
Caetano,Masculino
Caio,Masculino
Cairo,Masculino
Calvin,Masculino
Camilo,Masculino
Cândido,Masculino
Brandão,Masculino
Bruce,Masculino
Bruno,Masculino
Caetano,Masculino
Caio,Masculino
Cairo,Masculino
Calvin,Masculino
Camilo,Masculino
Cândido,Masculino
Carlos,Masculino
Carmim,Masculino
Casimiro,Masculino
Cassiano,Masculino
Celestino,Masculino
Celso,Masculino
César,Masculino
Cesário,Masculino
Charles,Masculino
Charles-David,Masculino
Carlos,Masculino
Carmim,Masculino
Casimiro,Masculino
Cassiano,Masculino
Celestino,Masculino
Celso,Masculino
César,Masculino
Cesário,Masculino
Charles,Masculino
Charles-David,Masculino
Chico,Masculino
Christian,Masculino
Christopher,Masculino
Cícero,Masculino
Cláudio,Masculino
Clemente,Masculino
Connor,Masculino
Constantino,Masculino
Chico,Masculino
Christian,Masculino
Christopher,Masculino
Cícero,Masculino
Cláudio,Masculino
Clemente,Masculino
Connor,Masculino
Constantino,Masculino
Cristiano,Masculino
Cristóvão,Masculino
Cruz,Masculino
Curtis,Masculino
Custódio,Masculino
Dalton,Masculino
Damião,Masculino
Daniel,Masculino
Dante,Masculino
Dario,Masculino
Cristiano,Masculino
Cristóvão,Masculino
Cruz,Masculino
Curtis,Masculino
Custódio,Masculino
Dalton,Masculino
Damião,Masculino
Daniel,Masculino
Dante,Masculino
Dario,Masculino
David,Masculino
Davidson,Masculino
Delfim,Masculino
David,Masculino
Davidson,Masculino
Delfim,Masculino
Diamantino,Masculino
Dias,Masculino
Didier,Masculino
Diego,Masculino
Dinis,Masculino
Diogo,Masculino
Dionísio,Masculino
Dirceu,Masculino
Diamantino,Masculino
Dias,Masculino
Didier,Masculino
Diego,Masculino
Dinis,Masculino
Diogo,Masculino
Dionísio,Masculino
Dirceu,Masculino
Domingos,Masculino
Douglas,Masculino
Duarte,Masculino
Domingos,Masculino
Douglas,Masculino
Duarte,Masculino
Dylan,Masculino
Éden,Masculino
Edgar,Masculino
Edmund,Masculino
Edmundo,Masculino
Eduardo,Masculino
Dylan,Masculino
Éden,Masculino
Edgar,Masculino
Edmund,Masculino
Edmundo,Masculino
Eduardo,Masculino
Egas,Masculino
Egídio,Masculino
Elia,Masculino
Elias,Masculino
Egas,Masculino
Egídio,Masculino
Elia,Masculino
Elias,Masculino
Elísio,Masculino
Elói,Masculino
Elsa,Masculino
Emanuel,Masculino
Emídio,Masculino
Emile,Masculino
Emiliano,Masculino
Emílio,Masculino
Elísio,Masculino
Elói,Masculino
Elsa,Masculino
Emanuel,Masculino
Emídio,Masculino
Emile,Masculino
Emiliano,Masculino
Emílio,Masculino
Erasmo,Masculino
Ernesto,Masculino
Estêvão,Masculino
Erasmo,Masculino
Ernesto,Masculino
Estêvão,Masculino
Eugénio,Masculino
Eurico,Masculino
Eusébio,Masculino
Evans,Masculino
Ezequiel,Masculino
Fábio,Masculino
Eugénio,Masculino
Eurico,Masculino
Eusébio,Masculino
Evans,Masculino
Ezequiel,Masculino
Fábio,Masculino
Faustino,Masculino
Fausto,Masculino
Feliciano,Masculino
Felisberto,Masculino
Félix,Masculino
Feliz,Masculino
Fernando,Masculino
Fernão,Masculino
Figo,Masculino
Filipe,Masculino
Firmino,Masculino
Flávio,Masculino
Fortunato,Masculino
Francis,Masculino
Francisco,Masculino
François,Masculino
Frank,Masculino
Fred,Masculino
Frederico,Masculino
Faustino,Masculino
Fausto,Masculino
Feliciano,Masculino
Felisberto,Masculino
Félix,Masculino
Feliz,Masculino
Fernando,Masculino
Fernão,Masculino
Figo,Masculino
Filipe,Masculino
Firmino,Masculino
Flávio,Masculino
Fortunato,Masculino
Francis,Masculino
Francisco,Masculino
François,Masculino
Frank,Masculino
Fred,Masculino
Frederico,Masculino
Gabriel,Masculino
Gaio,Masculino
Galileu,Masculino
Galo,Masculino
Gaspar,Masculino
Gastão,Masculino
Gentil,Masculino
George,Masculino
Geraldo,Masculino
Gabriel,Masculino
Gaio,Masculino
Galileu,Masculino
Galo,Masculino
Gaspar,Masculino
Gastão,Masculino
Gentil,Masculino
George,Masculino
Geraldo,Masculino
Gilberto,Masculino
Giovanni,Masculino
Gonçalo,Masculino
Gonzaga,Masculino
Guilherme,Masculino
Gilberto,Masculino
Giovanni,Masculino
Gonçalo,Masculino
Gonzaga,Masculino
Guilherme,Masculino
Gustavo,Masculino
Hamilton,Masculino
Harold,Masculino
Gustavo,Masculino
Hamilton,Masculino
Harold,Masculino
Heitor,Masculino
Hélder,Masculino
Hélio,Masculino
Henrique,Masculino
Henry,Masculino
Herculano,Masculino
Hércules,Masculino
Heitor,Masculino
Hélder,Masculino
Hélio,Masculino
Henrique,Masculino
Henry,Masculino
Herculano,Masculino
Hércules,Masculino
Hermano,Masculino
Hermenegildo,Masculino
Hermínio,Masculino
Hernâni,Masculino
Hilário,Masculino
Horácio,Masculino
Hugo,Masculino
Humberto,Masculino
Hermano,Masculino
Hermenegildo,Masculino
Hermínio,Masculino
Hernâni,Masculino
Hilário,Masculino
Horácio,Masculino
Hugo,Masculino
Humberto,Masculino
Ícaro,Masculino
Ilídio,Masculino
Inácio,Masculino
Infante,Masculino
Inocêncio,Masculino
Ícaro,Masculino
Ilídio,Masculino
Inácio,Masculino
Infante,Masculino
Inocêncio,Masculino
Isaac,Masculino
Isaías,Masculino
Isidro,Masculino
Ismael,Masculino
Israel,Masculino
Ivan,Masculino
Isaac,Masculino
Isaías,Masculino
Isidro,Masculino
Ismael,Masculino
Israel,Masculino
Ivan,Masculino
Jacinto,Masculino
Jack,Masculino
Jackson,Masculino
Jacob,Masculino
Jacques,Masculino
Jaime,Masculino
James,Masculino
Januário,Masculino
Janus,Masculino
Jacinto,Masculino
Jack,Masculino
Jackson,Masculino
Jacob,Masculino
Jacques,Masculino
Jaime,Masculino
James,Masculino
Januário,Masculino
Janus,Masculino
Jasmim,Masculino
Jazz,Masculino
Jean,Masculino
Jefferson,Masculino
Jeremias,Masculino
Jerónimo,Masculino
Jasmim,Masculino
Jazz,Masculino
Jean,Masculino
Jefferson,Masculino
Jeremias,Masculino
Jerónimo,Masculino
Jesualdo,Masculino
Jesus,Masculino
Joan,Masculino
João,Masculino
Joaquim,Masculino
Joel,Masculino
John,Masculino
Joio,Masculino
Jonas,Masculino
Jesualdo,Masculino
Jesus,Masculino
Joan,Masculino
João,Masculino
Joaquim,Masculino
Joel,Masculino
John,Masculino
Joio,Masculino
Jonas,Masculino
Jordan,Masculino
Jordano,Masculino
Jorge,Masculino
José,Masculino
Joseph,Masculino
Josué,Masculino
Juan,Masculino
Jules,Masculino
Julian,Masculino
Jordan,Masculino
Jordano,Masculino
Jorge,Masculino
José,Masculino
Joseph,Masculino
Josué,Masculino
Juan,Masculino
Jules,Masculino
Julian,Masculino
Julião,Masculino
Júlio,Masculino
Júnior,Masculino
Juno,Masculino
Justino,Masculino
Justo,Masculino
Julião,Masculino
Júlio,Masculino
Júnior,Masculino
Juno,Masculino
Justino,Masculino
Justo,Masculino
Kelvin,Masculino
Kelvin,Masculino
Kennedy,Masculino
Kennedy,Masculino
Laurentino,Masculino
Lawrence,Masculino
Lázaro,Masculino
Laurentino,Masculino
Lawrence,Masculino
Lázaro,Masculino
Leandro,Masculino
Lenine,Masculino
Leonard,Masculino
Leonardo,Masculino
Leonel,Masculino
Leónidas,Masculino
Leopoldo,Masculino
Lewis,Masculino
Leandro,Masculino
Lenine,Masculino
Leonard,Masculino
Leonardo,Masculino
Leonel,Masculino
Leónidas,Masculino
Leopoldo,Masculino
Lewis,Masculino
Liam,Masculino
Licínio,Masculino
Lincoln,Masculino
Lino,Masculino
Lobo,Masculino
Lopo,Masculino
Louca,Masculino
Loucas,Masculino
Louis,Masculino
Lourenço,Masculino
Liam,Masculino
Licínio,Masculino
Lincoln,Masculino
Lino,Masculino
Lobo,Masculino
Lopo,Masculino
Louca,Masculino
Loucas,Masculino
Louis,Masculino
Lourenço,Masculino
Lucas,Masculino
Luciano,Masculino
Lúcio,Masculino
Ludovico,Masculino
Luigi,Masculino
Luís,Masculino
Lucas,Masculino
Luciano,Masculino
Lúcio,Masculino
Ludovico,Masculino
Luigi,Masculino
Luís,Masculino
Magno,Masculino
Mago,Masculino
Malaquias,Masculino
Mamede,Masculino
Magno,Masculino
Mago,Masculino
Malaquias,Masculino
Mamede,Masculino
Manel,Masculino
Manuel,Masculino
Marcel,Masculino
Marcelino,Masculino
Marcelo,Masculino
Márcio,Masculino
Marco,Masculino
Marcos,Masculino
Marcus,Masculino
Mariano,Masculino
Marino,Masculino
Mário,Masculino
Mark,Masculino
Manel,Masculino
Manuel,Masculino
Marcel,Masculino
Marcelino,Masculino
Marcelo,Masculino
Márcio,Masculino
Marco,Masculino
Marcos,Masculino
Marcus,Masculino
Mariano,Masculino
Marino,Masculino
Mário,Masculino
Mark,Masculino
Marques,Masculino
Martim,Masculino
Martin,Masculino
Martinho,Masculino
Martins,Masculino
Matei,Masculino
Mateus,Masculino
Matias,Masculino
Marques,Masculino
Martim,Masculino
Martin,Masculino
Martinho,Masculino
Martins,Masculino
Matei,Masculino
Mateus,Masculino
Matias,Masculino
Matusalém,Masculino
Maurício,Masculino
Mauro,Masculino
Maximiano,Masculino
Maximiliano,Masculino
Máximo,Masculino
Maxwell,Masculino
Matusalém,Masculino
Maurício,Masculino
Mauro,Masculino
Maximiano,Masculino
Maximiliano,Masculino
Máximo,Masculino
Maxwell,Masculino
Messias,Masculino
Michael,Masculino
Miguel,Masculino
MIGUEL,Masculino
Messias,Masculino
Michael,Masculino
Miguel,Masculino
MIGUEL,Masculino
Moisés,Masculino
Montgomery,Masculino
Morgan,Masculino
Moisés,Masculino
Montgomery,Masculino
Morgan,Masculino
Neil,Masculino
Nelson,Masculino
Nemésio,Masculino
Nick,Masculino
Nico,Masculino
Nicolas,Masculino
Nicolau,Masculino
Neil,Masculino
Nelson,Masculino
Nemésio,Masculino
Nick,Masculino
Nico,Masculino
Nicolas,Masculino
Nicolau,Masculino
Nilo,Masculino
Nino,Masculino
Nuno,Masculino
Oceano,Masculino
Octávio,Masculino
Nilo,Masculino
Nino,Masculino
Nuno,Masculino
Oceano,Masculino
Octávio,Masculino
Oliver,Masculino
Omar,Masculino
Onofre,Masculino
Orlando,Masculino
Óscar,Masculino
Osvaldo,Masculino
Otávio,Masculino
Owen,Masculino
Oliver,Masculino
Omar,Masculino
Onofre,Masculino
Orlando,Masculino
Óscar,Masculino
Osvaldo,Masculino
Otávio,Masculino
Owen,Masculino
Papa,Masculino
Pape,Masculino
Pascoal,Masculino
Patrício,Masculino
Patrick,Masculino
Paul,Masculino
Paul-Alexandre,Masculino
Paulo,Masculino
Pedro,Masculino
Philippe,Masculino
Pierre,Masculino
Plínio,Masculino
Policarpo,Masculino
Papa,Masculino
Pape,Masculino
Pascoal,Masculino
Patrício,Masculino
Patrick,Masculino
Paul,Masculino
Paul-Alexandre,Masculino
Paulo,Masculino
Pedro,Masculino
Philippe,Masculino
Pierre,Masculino
Plínio,Masculino
Policarpo,Masculino
Prince,Masculino
Prudêncio,Masculino
Quentin,Masculino
Rafa,Masculino
Rafael,Masculino
Prince,Masculino
Prudêncio,Masculino
Quentin,Masculino
Rafa,Masculino
Rafael,Masculino
Raimundo,Masculino
Ramires,Masculino
Ramiro,Masculino
Ramon,Masculino
Ramón,Masculino
Ramsés,Masculino
Raul,Masculino
Reinaldo,Masculino
Raimundo,Masculino
Ramires,Masculino
Ramiro,Masculino
Ramon,Masculino
Ramón,Masculino
Ramsés,Masculino
Raul,Masculino
Reinaldo,Masculino
Renato,Masculino
Ricardo,Masculino
Richard,Masculino
Robert,Masculino
Roberto,Masculino
Robin,Masculino
Rodolfo,Masculino
Renato,Masculino
Ricardo,Masculino
Richard,Masculino
Robert,Masculino
Roberto,Masculino
Robin,Masculino
Rodolfo,Masculino
Rogério,Masculino
Romão,Masculino
Romeu,Masculino
Rómulo,Masculino
Ronaldo,Masculino
Roque,Masculino
Rúben,Masculino
Rubi,Masculino
Rubis,Masculino
Rogério,Masculino
Romão,Masculino
Romeu,Masculino
Rómulo,Masculino
Ronaldo,Masculino
Roque,Masculino
Rúben,Masculino
Rubi,Masculino
Rubis,Masculino
Russel,Masculino
Russell,Masculino
Sacha,Masculino
Sage,Masculino
Salomão,Masculino
Salvador,Masculino
SALVADOR,Masculino
Salvatore,Masculino
Russel,Masculino
Russell,Masculino
Sacha,Masculino
Sage,Masculino
Salomão,Masculino
Salvador,Masculino
SALVADOR,Masculino
Salvatore,Masculino
Samaritano,Masculino
Samba,Masculino
Samoa,Masculino
Samuel,Masculino
Sancho,Masculino
Sansão,Masculino
Santiago,Masculino
Santo,Masculino
Scott,Masculino
Samaritano,Masculino
Samba,Masculino
Samoa,Masculino
Samuel,Masculino
Sancho,Masculino
Sansão,Masculino
Santiago,Masculino
Santo,Masculino
Scott,Masculino
Sebastião,Masculino
Seco,Masculino
Serafim,Masculino
Sérgio,Masculino
Severo,Masculino
Sebastião,Masculino
Seco,Masculino
Serafim,Masculino
Sérgio,Masculino
Severo,Masculino
Sidney,Masculino
Sidónio,Masculino
Silvestre,Masculino
Sílvio,Masculino
Simão,Masculino
Simon,Masculino
Sónia,Masculino
Spencer,Masculino
Stanley,Masculino
Stefano,Masculino
Sidney,Masculino
Sidónio,Masculino
Silvestre,Masculino
Sílvio,Masculino
Simão,Masculino
Simon,Masculino
Sónia,Masculino
Spencer,Masculino
Stanley,Masculino
Stefano,Masculino
Tadeu,Masculino
Tales,Masculino
Talha,Masculino
Tadeu,Masculino
Tales,Masculino
Talha,Masculino
Taras,Masculino
Taylor,Masculino
Telmo,Masculino
Teodoro,Masculino
Teófilo,Masculino
Teotónio,Masculino
Thomas,Masculino
Thor,Masculino
Taras,Masculino
Taylor,Masculino
Telmo,Masculino
Teodoro,Masculino
Teófilo,Masculino
Teotónio,Masculino
Thomas,Masculino
Thor,Masculino
Tibério,Masculino
Ticiano,Masculino
Timóteo,Masculino
Tino,Masculino
Tito,Masculino
Tobias,Masculino
Tomas,Masculino
Tomás,Masculino
Tome,Masculino
Tomé,Masculino
TOMÉ,Masculino
Toni,Masculino
Tony,Masculino
Tristão,Masculino
Tudor,Masculino
Tibério,Masculino
Ticiano,Masculino
Timóteo,Masculino
Tino,Masculino
Tito,Masculino
Tobias,Masculino
Tomas,Masculino
Tomás,Masculino
Tome,Masculino
Tomé,Masculino
TOMÉ,Masculino
Toni,Masculino
Tony,Masculino
Tristão,Masculino
Tudor,Masculino
Ulisses,Masculino
Valdemar,Masculino
Valentim,Masculino
Valentino,Masculino
Valério,Masculino
Valter,Masculino
Vasco,Masculino
Ulisses,Masculino
Valdemar,Masculino
Valentim,Masculino
Valentino,Masculino
Valério,Masculino
Valter,Masculino
Vasco,Masculino
Ventura,Masculino
Vicente,Masculino
Victor,Masculino
Vinicius,Masculino
Virgílio,Masculino
Viriato,Masculino
Vitalino,Masculino
Vítor,Masculino
Ventura,Masculino
Vicente,Masculino
Victor,Masculino
Vinicius,Masculino
Virgílio,Masculino
Viriato,Masculino
Vitalino,Masculino
Vítor,Masculino
Vitorino,Masculino
Vladimir,Masculino
Wagner,Masculino
Walter,Masculino
Vitorino,Masculino
Vladimir,Masculino
Wagner,Masculino
Walter,Masculino
William,Masculino
Wilson,Masculino
Wolf,Masculino
Xavier,Masculino
Xénon,Masculino
William,Masculino
Wilson,Masculino
Wolf,Masculino
Xavier,Masculino
Xénon,Masculino
Zacarias,Masculino
Zeferino,Masculino
Zacarias,Masculino
Zeferino,Masculino
Maria,Feminino
Matilde,Feminino
Leonor,Feminino
Carolina,Feminino
Beatriz,Feminino
Mariana,Feminino
Sofia,Feminino
Inês,Feminino
Margarida,Feminino
Francisca,Feminino
Laura,Feminino
Alice,Feminino
Joana,Feminino
Clara,Feminino
Diana,Feminino
Madalena,Feminino
Constança,Feminino
Mafalda,Feminino
Íris,Feminino
Sara,Feminino
Gabriela,Feminino
Rita,Feminino
Carlota,Feminino
Vitória,Feminino
Luísa,Feminino
Catarina,Feminino
Ariana,Feminino
Marta,Feminino
Helena,Feminino
Júlia,Feminino
Bárbara,Feminino
Isabel,Feminino
Daniela,Feminino
Bruna,Feminino
Teresa,Feminino
Raquel,Feminino
Filipa,Feminino
Alexandra,Feminino
Pilar,Feminino
Juliana,Feminino
Adriana,Feminino
Aurora,Feminino
Débora,Feminino
Eduarda,Feminino
Lorena,Feminino
Áurea,Feminino
Amélia,Feminino
Emília,Feminino
Anita,Feminino
Sarah,Feminino
Vera,Feminino
Tatiana,Feminino
Julieta,Feminino
Nádia,Feminino
Salomé,Feminino
Rebeca,Feminino
Patrícia,Feminino
Simone,Feminino
Liliana,Feminino
Luciana,Feminino
Andreia,Feminino
Dalila,Feminino
Flor,Feminino
Safira,Feminino
Elisa,Feminino
Rosa,Feminino
Mónica,Feminino
Cláudia,Feminino
Lúcia,Feminino
Ângela,Feminino
Carla,Feminino
Fátima,Feminino
Eliana,Feminino
Carmo,Feminino
Marisa,Feminino
Amália,Feminino
Serena,Feminino
Vanessa,Feminino
Violeta,Feminino
Rute,Feminino
Susana,Feminino
Cristina,Feminino
Cecília,Feminino
Victoria,Feminino
Lídia,Feminino
Manuela,Feminino
Estrela,Feminino
Angélica,Feminino
Sónia,Feminino
Antónia,Feminino
Verónica,Feminino
Marina,Feminino
Paula,Feminino
Daria,Feminino
Tânia,Feminino
Sandra,Feminino
Maia,Feminino
Glória,Feminino
Jacinta,Feminino
Guiomar,Feminino
Esmeralda,Feminino
Esperança,Feminino
Elsa,Feminino
Natacha,Feminino
Luzia,Feminino
Concha,Feminino
Nina,Feminino
Alicia,Feminino
Sabrina,Feminino
Estela,Feminino
Charlotte,Feminino
Penélope,Feminino
Lília,Feminino
Eunice,Feminino
Aura,Feminino
Alma,Feminino
Vânia,Feminino
Graça,Feminino
Mercedes,Feminino
Ária,Feminino
Adelaide,Feminino
Miranda,Feminino
Adelina,Feminino
Alexia,Feminino
Cátia,Feminino
Carol,Feminino
Dulce,Feminino
Cândida,Feminino
Pérola,Feminino
Isaura,Feminino
Jade,Feminino
Joyce,Feminino
Irene,Feminino
Anabela,Feminino
Nancy,Feminino
Tiara,Feminino
Flora,Feminino
Magda,Feminino
Elisabete,Feminino
Fernanda,Feminino
Dádiva,Feminino
Natália,Feminino
Diva,Feminino
Lucília,Feminino
Florbela,Feminino
Aida,Feminino
Branca,Feminino
Amora,Feminino
Sílvia,Feminino
Guadalupe,Feminino
Alba,Feminino
Cármen,Feminino
Nadine,Feminino
Zita,Feminino
Barbara,Feminino
Lena,Feminino
Elvira,Feminino
Marília,Feminino
Filomena,Feminino
Olga,Feminino
Lira,Feminino
Leia,Feminino
Sarai,Feminino
Pandora,Feminino
Estefânia,Feminino
Dália,Feminino
Cora,Feminino
Linda,Feminino
Gisela,Feminino
Rosário,Feminino
Cristal,Feminino
Manha,Feminino
Assunção,Feminino
Lurdes,Feminino
Zélia,Feminino
Otília,Feminino
Josefa,Feminino
Josefina,Feminino
Piedade,Feminino
Adélia,Feminino
Orquídea,Feminino
Rose,Feminino
Alisa,Feminino
íris,Feminino
Marie,Feminino
Florinda,Feminino
Bela,Feminino
Anais,Feminino
Cidália,Feminino
Olinda,Feminino
Ágata,Feminino
Gaia,Feminino
Deva,Feminino
Celeste,Feminino
Virgínia,Feminino
Rosalina,Feminino
Jane,Feminino
Lisa,Feminino
Moira,Feminino
Palmira,Feminino
Laia,Feminino
Andy,Feminino
Anise,Feminino
Clotilde,Feminino
Crismara,Feminino
Conceição,Feminino
Valeria,Feminino
Fanny,Feminino
Violeta-Maria,Feminino
Mame,Feminino
Solene,Feminino
Alexandrina,Feminino
Vida,Feminino
Alia,Feminino
Leocádia,Feminino
Joaninha,Feminino
Helen,Feminino
Florença,Feminino
Dana,Feminino
Átila,Feminino
Joaquim,Feminino
Berta,Feminino
Joaquina,Feminino
Simão,Feminino
Alise,Feminino
Marilyn,Feminino
Carmina,Feminino
Natércia,Feminino
Nisa,Feminino
Amara,Feminino
Gilda,Feminino
Ruth,Feminino
Dolores,Feminino
Electra,Feminino
Chiara,Feminino
Teodora,Feminino
Laurinda,Feminino
Nazaré,Feminino
Romana,Feminino
Adira,Feminino
Acácia,Feminino
Túlipa,Feminino
Célia,Feminino
Eugénia,Feminino
Betânia,Feminino
Sintra,Feminino
Génesis,Feminino
Helga,Feminino
Savana,Feminino
Ninara,Feminino
Casimira,Feminino
Jordana,Feminino
Rafa,Feminino
Âmbar,Feminino
Regina,Feminino
Brisa,Feminino
Senhorinha,Feminino
Camélia,Feminino
Aurélia,Feminino
Iria,Feminino
Açucena,Feminino
José,Feminino
Constância,Feminino
Paulina,Feminino
Judite,Feminino
Mateus,Feminino
Prudência,Feminino
Gala,Feminino
Judith,Feminino
Preciosa,Feminino
Murphy,Feminino
Fenda,Feminino
Margarita,Feminino
Ilda,Feminino
Vitorina,Feminino
Papoila,Feminino
Claire,Feminino
Mali,Feminino
Robin,Feminino
Gloria,Feminino
Mina,Feminino
Irada,Feminino
Ermelinda,Feminino
Minerva,Feminino
Juno,Feminino
Gracinda,Feminino
Catherine,Feminino
Augusta,Feminino
Santiago,Masculino
João,Masculino
Francisco,Masculino
Rodrigo,Masculino
Martim,Masculino
Afonso,Masculino
Tomás,Masculino
Miguel,Masculino
Duarte,Masculino
Gabriel,Masculino
Lourenço,Masculino
Gonçalo,Masculino
Pedro,Masculino
Guilherme,Masculino
Tiago,Masculino
Dinis,Masculino
Rafael,Masculino
Diogo,Masculino
Lucas,Masculino
Salvador,Masculino
Gustavo,Masculino
David,Masculino
Vicente,Masculino
Simão,Masculino
José,Masculino
Mateus,Masculino
Diego,Masculino
Manuel,Masculino
Henrique,Masculino
António,Masculino
Daniel,Masculino
Vasco,Masculino
Leonardo,Masculino
Bernardo,Masculino
André,Masculino
Luís,Masculino
Eduardo,Masculino
Alexandre,Masculino
Isaac,Masculino
Rúben,Masculino
Filipe,Masculino
Matias,Masculino
Leandro,Masculino
Xavier,Masculino
Ricardo,Masculino
Samuel,Masculino
Artur,Masculino
Nuno,Masculino
Bruno,Masculino
Carlos,Masculino
Sebastião,Masculino
Hugo,Masculino
Valentim,Masculino
Frederico,Masculino
Renato,Masculino
Jorge,Masculino
Benjamim,Masculino
Joaquim,Masculino
Paulo,Masculino
Marco,Masculino
Mário,Masculino
Fábio,Masculino
Jaime,Masculino
Manel,Masculino
Tomé,Masculino
William,Masculino
Cristiano,Masculino
Ângelo,Masculino
Edgar,Masculino
Fernando,Masculino
Ivan,Masculino
César,Masculino
Emanuel,Masculino
Gaspar,Masculino
Vítor,Masculino
Romeu,Masculino
Sérgio,Masculino
Marcelo,Masculino
Elias,Masculino
Caio,Masculino
Ismael,Masculino
Liam,Masculino
Moisés,Masculino
Josué,Masculino
Cláudio,Masculino
Mauro,Masculino
Joel,Masculino
Álvaro,Masculino
Nelson,Masculino
Márcio,Masculino
Martinho,Masculino
Telmo,Masculino
Marcos,Masculino
Júlio,Masculino
Wilson,Masculino
Martin,Masculino
Victor,Masculino
Leonel,Masculino
Oliver,Masculino
Abel,Masculino
Benjamin,Masculino
Dylan,Masculino
Fausto,Masculino
Christian,Masculino
Ezequiel,Masculino
Jonas,Masculino
Raul,Masculino
Caetano,Masculino
Adam,Masculino
Hélder,Masculino
Nicolau,Masculino
Patrick,Masculino
Estêvão,Masculino
Flávio,Masculino
Adriano,Masculino
James,Masculino
Óscar,Masculino
Nicolas,Masculino
Kelvin,Masculino
Roberto,Masculino
Augusto,Masculino
Cristóvão,Masculino
Alberto,Masculino
Jesus,Masculino
Domingos,Masculino
Mark,Masculino
Félix,Masculino
Marcus,Masculino
Luciano,Masculino
Heitor,Masculino
Israel,Masculino
Ulisses,Masculino
Thomas,Masculino
Edmundo,Masculino
Agostinho,Masculino
Valentino,Masculino
Maurício,Masculino
Orlando,Masculino
Rogério,Masculino
Américo,Masculino
Juliano,Masculino
Robert,Masculino
Salomão,Masculino
Ícaro,Masculino
Tobias,Masculino
Amadeu,Masculino
Júnior,Masculino
Omar,Masculino
Anselmo,Masculino
Fred,Masculino
Henry,Masculino
Lúcio,Masculino
Kennedy,Masculino
Messias,Masculino
Hélio,Masculino
Humberto,Masculino
Celso,Masculino
Jerónimo,Masculino
Timóteo,Masculino
Armando,Masculino
Giovanni,Masculino
Hernâni,Masculino
Marcelino,Masculino
Apolo,Masculino
Silvestre,Masculino
Aires,Masculino
Alfredo,Masculino
Lázaro,Masculino
Bento,Masculino
Isaías,Masculino
Matei,Masculino
Angélico,Masculino
Máximo,Masculino
Vladimir,Masculino
Lopo,Masculino
Inácio,Masculino
Prince,Masculino
George,Masculino
Dante,Masculino
Eurico,Masculino
Baltasar,Masculino
Gastão,Masculino
Michael,Masculino
Sancho,Masculino
Arsénio,Masculino
Armindo,Masculino
Jack,Masculino
Rubi,Masculino
Christopher,Masculino
Richard,Masculino
Reinaldo,Masculino
Delfim,Masculino
Jacinto,Masculino
Juan,Masculino
Emídio,Masculino
Virgílio,Masculino
Sílvio,Masculino
Diamantino,Masculino
Louis,Masculino
Tito,Masculino
Joseph,Masculino
Belchior,Masculino
Walter,Masculino
Albert,Masculino
Fernão,Masculino
Francis,Masculino
Hermano,Masculino
Simon,Masculino
Emílio,Masculino
Hamilton,Masculino
Abraão,Masculino
Ming,Masculino
Jefferson,Masculino
Marcel,Masculino
Bartolomeu,Masculino
Arnaldo,Masculino
Valter,Masculino
Mariano,Masculino
Rodolfo,Masculino
Camilo,Masculino
Samoa,Masculino
Alcino,Masculino
Elói,Masculino
Viriato,Masculino
Abílio,Masculino
Eusébio,Masculino
Teófilo,Masculino
Ilídio,Masculino
Antoine,Masculino
Hilário,Masculino
Jordan,Masculino
Maximiano,Masculino
Gilberto,Masculino
Avelino,Masculino
Antero,Masculino
Milton,Masculino
Romão,Masculino
Dario,Masculino
Damião,Masculino
Osvaldo,Masculino
Russell,Masculino
Patrício,Masculino
Teotónio,Masculino
Adalberto,Masculino
Amaro,Masculino
Jeremias,Masculino
Valdemar,Masculino
Nilo,Masculino
Januário,Masculino
Heleno,Masculino
Oceano,Masculino
Emir,Masculino
Douglas,Masculino
Adão,Masculino
Seco,Masculino
Ramires,Masculino
Owen,Masculino
Castelo,Masculino
Pascoal,Masculino
Dionísio,Masculino
Jean,Masculino
GUSTAVO,Masculino
Horácio,Masculino
Adelino,Masculino
Unis,Masculino
Anastácio,Masculino
Aram,Masculino
Juno,Masculino
Olmo,Masculino
Thor,Masculino
Venceslau,Masculino
Leónidas,Masculino
Calvin,Masculino
Felisberto,Masculino
Albano,Masculino
Henri,Masculino
Euclides,Masculino
Julião,Masculino
Wagner,Masculino
Roque,Masculino
Casimiro,Masculino
Boris,Masculino
JOSÉ,Masculino
Taylor,Masculino
Cassiano,Masculino
Belarmino,Masculino
Amar,Masculino
Safar,Masculino
Lincoln,Masculino
Charles,Masculino
Herculano,Masculino
Spencer,Masculino
Tino,Masculino
Tony,Masculino
Figo,Masculino
Sidney,Masculino
Adolfo,Masculino
Leonard,Masculino
Galileu,Masculino
Aníbal,Masculino
Xénon,Masculino
Venâncio,Masculino
Elísio,Masculino
Fortunato,Masculino
Ramsés,Masculino
Aristides,Masculino
Montgomery,Masculino
Hércules,Masculino
Ramiro,Masculino
Aquiles,Masculino
Egídio,Masculino
Feliciano,Masculino
Ernesto,Masculino
Justo,Masculino
Romero,Masculino
Chen,Masculino
Mago,Masculino
Luigi,Masculino
Ronaldo,Masculino
Baltazar,Masculino
Amâncio,Masculino
Licínio,Masculino
Teodoro,Masculino
Constantino,Masculino
Custódio,Masculino
Andy,Masculino
Vitalino,Masculino
Russel,Masculino
Emile,Masculino
Dirceu,Masculino
Allen,Masculino
Cosme,Masculino
Zeferino,Masculino
Cesário,Masculino
Didier,Masculino
Lobo,Masculino
Bruce,Masculino
Bernard,Masculino
Rodrigues,Masculino
Tome,Masculino
Erasmo,Masculino
Rafa,Masculino
Paul,Masculino
Acácio,Masculino
Prudêncio,Masculino
Octávio,Masculino
Maximiliano,Masculino
Hildebrando,Masculino
Gentil,Masculino
Laurentino,Masculino
Davidson,Masculino
Jordano,Masculino
Jazz,Masculino
Alfa,Masculino
Martins,Masculino
Isidro,Masculino
Brandão,Masculino
John,Masculino
Papa,Masculino
Jackson,Masculino
